id,seq,query,prefix,is_leave_query,input_var,output_var,output_rel,description
1,0,SELECT ?country WHERE {?country rdf:type ?continent.},rdf,0,continent,country,belongs,"Select all countries within a given continent, continent attribute should be assigned to result"
2,1,SELECT ?reserve WHERE {{?reserve dbpedia-owl:country ?country.} UNION {?reserve dbpedia-owl:location ?country.} ?reserve rdf:type dbpedia-owl:ProtectedArea.},dbpedia-owl;rdf,0,country,reserve,belongs,"Select all protected area within a given country, country attribute should be assigned to result"
3,1,SELECT ?residence WHERE {{?residence dbpedia-owl:country ?country.} UNION {?residence dbpedia-owl:location ?country.} ?residence rdf:type dbpedia-owl:PopulatedPlace.},dbpedia-owl;rdf,0,country,residence,belongs,"Select all populated area within a given country, country attribute should be assigned to result"
4,2,SELECT ?city WHERE {?residence dbpedia-owl:locationCity ?city.},dbpedia-owl,0,residence,city,contains,"Select the parent node, a relationship should be build upon result"
5,2,SELECT ?parent WHERE {{?residence dbpedia-owl:isPartOf ?parent.} UNION {?residence dbpedia-owl:location ?parent.}},dbpedia-owl,0,residence,parent,contains,"Select the parent node, a relationship should be build upon result"
6,2,SELECT ?nearest_city WHERE {?reserve dbpedia-owl:nearestCity ?nearest_city.},dbpedia-owl,0,reserve,nearest_city,contains,"Select the parent node, a relationship should be build upon result"
7,2,SELECT ?parent WHERE {{?reserve dbpedia-owl:isPartOf ?parent.} UNION {?reserve dbpedia-owl:location ?parent.}},dbpedia-owl,0,reserve,parent,contains,"Select the parent node, a relationship should be build upon result"
8,3,SELECT * WHERE {?residence dbpedia-owl:abstract ?abstract_en. FILTER (lang(?abstract_en) = 'en') ?residence rdfs:label ?label_en. FILTER (lang(?label_en) = 'en') OPTIONAL {?residence dbpedia-owl:abstract ?abstract_zh. FILTER (lang(?abstract_zh) = 'zh')} OPTIONAL {?residence rdfs:label ?label_zh. FILTER (lang(?label_zh) = 'zh')} OPTIONAL {?residence geo:lat ?latitude. ?residence geo:long ?longtitue.} OPTIONAL {?residence dbpedia-owl:elevation ?elevation} OPTIONAL {?residence dbpedia-owl:utcOffset ?timezone} OPTIONAL {?residence dbpedia-owl:areaTotal ?area} OPTIONAL {?residence dbpedia-owl:populationTotal ?population} OPTIONAL {?residence foaf:homepage ?homepage.} OPTIONAL {?residence foaf:isPrimaryTopicOf ?wikipage.} },dbpedia-owl;rdfs;foaf;geo,1,residence,abstract_en;label_en;abstract_zh;label_zh;latitude;longtitue;elevation;timezone;area;population;homepage;wikipage,"",Select basic attributes of a populated place
9,3,SELECT ?link WHERE{?residence dbpedia-owl:wikiPageExternalLink ?link},dbpedia-owl,1,residence,link,"",Select external links of a populated place
10,3,SELECT * WHERE {?reserve dbpedia-owl:abstract ?abstract_en. FILTER (lang(?abstract_en) = 'en') ?reserve rdfs:label ?label_en. FILTER (lang(?label_en) = 'en') OPTIONAL {?reserve dbpedia-owl:abstract ?abstract_zh. FILTER (lang(?abstract_zh) = 'zh')} OPTIONAL {?reserve rdfs:label ?label_zh. FILTER (lang(?label_zh) = 'zh')} OPTIONAL {?reserve geo:lat ?latitude. ?reserve geo:long ?longtitue.} OPTIONAL {?reserve dbpedia-owl:elevation ?elevation} OPTIONAL {?reserve dbpedia-owl:areaTotal ?area} OPTIONAL {?reserve foaf:homepage ?homepage.} OPTIONAL {?reserve foaf:isPrimaryTopicOf ?wikipage.} },dbpedia-owl;rdfs;foaf;geo,1,reserve,abstract_en;label_en;abstract_zh;label_zh;latitude;longtitue;elevation;area;homepage;wikipage,"",Select basic attributes of a reserved place
11,3,SELECT ?link WHERE{?reserve dbpedia-owl:wikiPageExternalLink ?link},dbpedia-owl,1,reserve,link,"",Select external links of a reserved place
12,4,"SELECT ?dcterms_amusement_park WHERE {?dcterms_amusement_park rdf:type skos:Concept. FILTER STRSTARTS(STR(?dcterms_amusement_park),""http://dbpedia.org/resource/Category:Amusement_parks"")}",rdf;skos,0,"",dcterms_amusement_park,"",Select all dcterms related POI concept
13,4,"SELECT ?dcterms_aquaria WHERE {?dcterms_aquaria rdf:type skos:Concept. FILTER STRSTARTS(STR(?dcterms_aquaria),""http://dbpedia.org/resource/Category:Aquaria"")}",rdf;skos,0,"",dcterms_aquaria,"",Select all dcterms related POI concept
14,4,"SELECT ?dcterms_heritage WHERE {?dcterms_heritage rdf:type skos:Concept. FILTER STRSTARTS(STR(?dcterms_heritage),""http://dbpedia.org/resource/Category:Archaeological_sites"")}",rdf;skos,0,"",dcterms_heritage,"",Select all dcterms related POI concept
15,4,"SELECT ?dcterms_beach WHERE {?dcterms_beach rdf:type skos:Concept. FILTER STRSTARTS(STR(?dcterms_beach),""http://dbpedia.org/resource/Category:Beaches"")}",rdf;skos,0,"",dcterms_beach,"",Select all dcterms related POI concept
16,4,"SELECT ?dcterms_garden WHERE {?dcterms_garden rdf:type skos:Concept. FILTER STRSTARTS(STR(?dcterms_garden),""http://dbpedia.org/resource/Category:Botanical_gardens"")}",rdf;skos,0,"",dcterms_garden,"",Select all dcterms related POI concept
17,4,"SELECT ?dcterms_religion WHERE {?dcterms_religion rdf:type skos:Concept. FILTER STRSTARTS(STR(?dcterms_religion),""http://dbpedia.org/resource/Category:Buddhist_temples"")}",rdf;skos,0,"",dcterms_religion,"",Select all dcterms related POI concept
18,4,"SELECT ?dcterms_canyon WHERE {?dcterms_canyon rdf:type skos:Concept. FILTER STRSTARTS(STR(?dcterms_canyon),""http://dbpedia.org/resource/Category:Canyons_and_gorges"")}",rdf;skos,0,"",dcterms_canyon,"",Select all dcterms related POI concept
19,4,"SELECT ?dcterms_casino WHERE {?dcterms_casino rdf:type skos:Concept. FILTER STRSTARTS(STR(?dcterms_casino),""http://dbpedia.org/resource/Category:Casinos"")}",rdf;skos,0,"",dcterms_casino,"",Select all dcterms related POI concept
20,4,"SELECT ?dcterms_castle WHERE {?dcterms_castle rdf:type skos:Concept. FILTER STRSTARTS(STR(?dcterms_castle),""http://dbpedia.org/resource/Category:Castles"")}",rdf;skos,0,"",dcterms_castle,"",Select all dcterms related POI concept
21,4,"SELECT ?dcterms_cave WHERE {?dcterms_cave rdf:type skos:Concept. FILTER STRSTARTS(STR(?dcterms_cave),""http://dbpedia.org/resource/Category:Caves"")}",rdf;skos,0,"",dcterms_cave,"",Select all dcterms related POI concept
22,4,"SELECT ?dcterms_cemetery WHERE {?dcterms_cemetery rdf:type skos:Concept. FILTER STRSTARTS(STR(?dcterms_cemetery),""http://dbpedia.org/resource/Category:Cemeteries"")}",rdf;skos,0,"",dcterms_cemetery,"",Select all dcterms related POI concept
23,4,"SELECT ?dcterms_castle WHERE {?dcterms_castle rdf:type skos:Concept. FILTER STRSTARTS(STR(?dcterms_castle),""http://dbpedia.org/resource/Category:Ch%C3%A2teaux"")}",rdf;skos,0,"",dcterms_castle,"",Select all dcterms related POI concept
24,4,"SELECT ?dcterms_religion WHERE {?dcterms_religion rdf:type skos:Concept. FILTER STRSTARTS(STR(?dcterms_religion),""http://dbpedia.org/resource/Category:Churches"")}",rdf;skos,0,"",dcterms_religion,"",Select all dcterms related POI concept
25,4,"SELECT ?dcterms_exhibition WHERE {?dcterms_exhibition rdf:type skos:Concept. FILTER STRSTARTS(STR(?dcterms_exhibition),""http://dbpedia.org/resource/Category:Convention_centers"")}",rdf;skos,0,"",dcterms_exhibition,"",Select all dcterms related POI concept
26,4,"SELECT ?dcterms_heritage WHERE {?dcterms_heritage rdf:type skos:Concept. FILTER STRSTARTS(STR(?dcterms_heritage),""http://dbpedia.org/resource/Category:English_Heritage_sites"")}",rdf;skos,0,"",dcterms_heritage,"",Select all dcterms related POI concept
27,4,"SELECT ?dcterms_event WHERE {?dcterms_event rdf:type skos:Concept. FILTER STRSTARTS(STR(?dcterms_event),""http://dbpedia.org/resource/Category:Festivals"")}",rdf;skos,0,"",dcterms_event,"",Select all dcterms related POI concept
28,4,"SELECT ?dcterms_forest WHERE {?dcterms_forest rdf:type skos:Concept. FILTER STRSTARTS(STR(?dcterms_forest),""http://dbpedia.org/resource/Category:Forests_and_woodlands"")}",rdf;skos,0,"",dcterms_forest,"",Select all dcterms related POI concept
29,4,"SELECT ?dcterms_castle WHERE {?dcterms_castle rdf:type skos:Concept. FILTER STRSTARTS(STR(?dcterms_castle),""http://dbpedia.org/resource/Category:Forts"")}",rdf;skos,0,"",dcterms_castle,"",Select all dcterms related POI concept
30,4,"SELECT ?dcterms_garden WHERE {?dcterms_garden rdf:type skos:Concept. FILTER STRSTARTS(STR(?dcterms_garden),""http://dbpedia.org/resource/Category:Gardens"")}",rdf;skos,0,"",dcterms_garden,"",Select all dcterms related POI concept
31,4,"SELECT ?dcterms_golf WHERE {?dcterms_golf rdf:type skos:Concept. FILTER STRSTARTS(STR(?dcterms_golf),""http://dbpedia.org/resource/Category:Golf_clubs_and_courses"")}",rdf;skos,0,"",dcterms_golf,"",Select all dcterms related POI concept
32,4,"SELECT ?dcterms_heritage WHERE {?dcterms_heritage rdf:type skos:Concept. FILTER STRSTARTS(STR(?dcterms_heritage),""http://dbpedia.org/resource/Category:Hadrian's_Wall"")}",rdf;skos,0,"",dcterms_heritage,"",Select all dcterms related POI concept
33,4,"SELECT ?dcterms_monument WHERE {?dcterms_monument rdf:type skos:Concept. FILTER STRSTARTS(STR(?dcterms_monument),""http://dbpedia.org/resource/Category:Halls"")}",rdf;skos,0,"",dcterms_monument,"",Select all dcterms related POI concept
34,4,"SELECT ?dcterms_heritage WHERE {?dcterms_heritage rdf:type skos:Concept. FILTER STRSTARTS(STR(?dcterms_heritage),""http://dbpedia.org/resource/Category:Heritage_railroads"")}",rdf;skos,0,"",dcterms_heritage,"",Select all dcterms related POI concept
35,4,"SELECT ?dcterms_heritage WHERE {?dcterms_heritage rdf:type skos:Concept. FILTER STRSTARTS(STR(?dcterms_heritage),""http://dbpedia.org/resource/Category:Heritage_railways"")}",rdf;skos,0,"",dcterms_heritage,"",Select all dcterms related POI concept
36,4,"SELECT ?dcterms_hiking WHERE {?dcterms_hiking rdf:type skos:Concept. FILTER STRSTARTS(STR(?dcterms_hiking),""http://dbpedia.org/resource/Category:Hiking_trails"")}",rdf;skos,0,"",dcterms_hiking,"",Select all dcterms related POI concept
37,4,"SELECT ?dcterms_religion WHERE {?dcterms_religion rdf:type skos:Concept. FILTER STRSTARTS(STR(?dcterms_religion),""http://dbpedia.org/resource/Category:Hindu_temples"")}",rdf;skos,0,"",dcterms_religion,"",Select all dcterms related POI concept
38,4,"SELECT ?dcterms_heritage WHERE {?dcterms_heritage rdf:type skos:Concept. FILTER STRSTARTS(STR(?dcterms_heritage),""http://dbpedia.org/resource/Category:Historic_districts"")}",rdf;skos,0,"",dcterms_heritage,"",Select all dcterms related POI concept
39,4,"SELECT ?dcterms_heritage WHERE {?dcterms_heritage rdf:type skos:Concept. FILTER STRSTARTS(STR(?dcterms_heritage),""http://dbpedia.org/resource/Category:Historic_sites"")}",rdf;skos,0,"",dcterms_heritage,"",Select all dcterms related POI concept
40,4,"SELECT ?dcterms_hotspring WHERE {?dcterms_hotspring rdf:type skos:Concept. FILTER STRSTARTS(STR(?dcterms_hotspring),""http://dbpedia.org/resource/Category:Hot_springs"")}",rdf;skos,0,"",dcterms_hotspring,"",Select all dcterms related POI concept
41,4,"SELECT ?dcterms_house WHERE {?dcterms_house rdf:type skos:Concept. FILTER STRSTARTS(STR(?dcterms_house),""http://dbpedia.org/resource/Category:Houses"")}",rdf;skos,0,"",dcterms_house,"",Select all dcterms related POI concept
42,4,"SELECT ?dcterms_lake WHERE {?dcterms_lake rdf:type skos:Concept. FILTER STRSTARTS(STR(?dcterms_lake),""http://dbpedia.org/resource/Category:Lakes"")}",rdf;skos,0,"",dcterms_lake,"",Select all dcterms related POI concept
43,4,"SELECT ?dcterms_landmark WHERE {?dcterms_landmark rdf:type skos:Concept. FILTER STRSTARTS(STR(?dcterms_landmark),""http://dbpedia.org/resource/Category:Landmarks"")}",rdf;skos,0,"",dcterms_landmark,"",Select all dcterms related POI concept
44,4,"SELECT ?dcterms_library WHERE {?dcterms_library rdf:type skos:Concept. FILTER STRSTARTS(STR(?dcterms_library),""http://dbpedia.org/resource/Category:Libraries"")}",rdf;skos,0,"",dcterms_library,"",Select all dcterms related POI concept
45,4,"SELECT ?dcterms_lighthouse WHERE {?dcterms_lighthouse rdf:type skos:Concept. FILTER STRSTARTS(STR(?dcterms_lighthouse),""http://dbpedia.org/resource/Category:Lighthouses"")}",rdf;skos,0,"",dcterms_lighthouse,"",Select all dcterms related POI concept
46,4,"SELECT ?dcterms_religion WHERE {?dcterms_religion rdf:type skos:Concept. FILTER STRSTARTS(STR(?dcterms_religion),""http://dbpedia.org/resource/Category:Monasteries"")}",rdf;skos,0,"",dcterms_religion,"",Select all dcterms related POI concept
47,4,"SELECT ?dcterms_monument WHERE {?dcterms_monument rdf:type skos:Concept. FILTER STRSTARTS(STR(?dcterms_monument),""http://dbpedia.org/resource/Category:Monuments_and_memorials"")}",rdf;skos,0,"",dcterms_monument,"",Select all dcterms related POI concept
48,4,"SELECT ?dcterms_mountain WHERE {?dcterms_mountain rdf:type skos:Concept. FILTER STRSTARTS(STR(?dcterms_mountain),""http://dbpedia.org/resource/Category:Mountains"")}",rdf;skos,0,"",dcterms_mountain,"",Select all dcterms related POI concept
49,4,"SELECT ?dcterms_museum WHERE {?dcterms_museum rdf:type skos:Concept. FILTER STRSTARTS(STR(?dcterms_museum),""http://dbpedia.org/resource/Category:Museums"")}",rdf;skos,0,"",dcterms_museum,"",Select all dcterms related POI concept
50,4,"SELECT ?dcterms_music WHERE {?dcterms_music rdf:type skos:Concept. FILTER STRSTARTS(STR(?dcterms_music),""http://dbpedia.org/resource/Category:Music_venues"")}",rdf;skos,0,"",dcterms_music,"",Select all dcterms related POI concept
51,4,"SELECT ?dcterms_monument WHERE {?dcterms_monument rdf:type skos:Concept. FILTER STRSTARTS(STR(?dcterms_monument),""http://dbpedia.org/resource/Category:National_Monuments"")}",rdf;skos,0,"",dcterms_monument,"",Select all dcterms related POI concept
52,4,"SELECT ?dcterms_reserve WHERE {?dcterms_reserve rdf:type skos:Concept. FILTER STRSTARTS(STR(?dcterms_reserve),""http://dbpedia.org/resource/Category:National_parks"")}",rdf;skos,0,"",dcterms_reserve,"",Select all dcterms related POI concept
53,4,"SELECT ?dcterms_reserve WHERE {?dcterms_reserve rdf:type skos:Concept. FILTER STRSTARTS(STR(?dcterms_reserve),""http://dbpedia.org/resource/Category:National_Trust_properties"")}",rdf;skos,0,"",dcterms_reserve,"",Select all dcterms related POI concept
54,4,"SELECT ?dcterms_reserve WHERE {?dcterms_reserve rdf:type skos:Concept. FILTER STRSTARTS(STR(?dcterms_reserve),""http://dbpedia.org/resource/Category:Nature_reserves"")}",rdf;skos,0,"",dcterms_reserve,"",Select all dcterms related POI concept
55,4,"SELECT ?dcterms_reserve WHERE {?dcterms_reserve rdf:type skos:Concept. FILTER STRSTARTS(STR(?dcterms_reserve),""http://dbpedia.org/resource/Category:Nightclubs"")}",rdf;skos,0,"",dcterms_nightclub,"",Select all dcterms related POI concept
56,4,"SELECT ?dcterms_art WHERE {?dcterms_art rdf:type skos:Concept. FILTER STRSTARTS(STR(?dcterms_art),""http://dbpedia.org/resource/Category:Outdoor_sculptures"")}",rdf;skos,0,"",dcterms_art,"",Select all dcterms related POI concept
57,4,"SELECT ?dcterms_palace WHERE {?dcterms_palace rdf:type skos:Concept. FILTER STRSTARTS(STR(?dcterms_palace),""http://dbpedia.org/resource/Category:Palaces"")}",rdf;skos,0,"",dcterms_palace,"",Select all dcterms related POI concept
58,4,"SELECT ?dcterms_park WHERE {?dcterms_park rdf:type skos:Concept. FILTER STRSTARTS(STR(?dcterms_park),""http://dbpedia.org/resource/Category:Parks"")}",rdf;skos,0,"",dcterms_park,"",Select all dcterms related POI concept
59,4,"SELECT ?dcterms_park WHERE {?dcterms_park rdf:type skos:Concept. FILTER STRSTARTS(STR(?dcterms_park),""http://dbpedia.org/resource/Category:Parks_and_gardens"")}",rdf;skos,0,"",dcterms_park,"",Select all dcterms related POI concept
60,4,"SELECT ?dcterms_park WHERE {?dcterms_park rdf:type skos:Concept. FILTER STRSTARTS(STR(?dcterms_park),""http://dbpedia.org/resource/Category:Parks_and_open_spaces"")}",rdf;skos,0,"",dcterms_park,"",Select all dcterms related POI concept
61,4,"SELECT ?dcterms_religion WHERE {?dcterms_religion rdf:type skos:Concept. FILTER STRSTARTS(STR(?dcterms_religion),""http://dbpedia.org/resource/Category:Places_of_worship"")}",rdf;skos,0,"",dcterms_religion,"",Select all dcterms related POI concept
62,4,"SELECT ?dcterms_reserve WHERE {?dcterms_reserve rdf:type skos:Concept. FILTER STRSTARTS(STR(?dcterms_reserve),""http://dbpedia.org/resource/Category:Protected_areas"")}",rdf;skos,0,"",dcterms_reserve,"",Select all dcterms related POI concept
63,4,"SELECT ?dcterms_house WHERE {?dcterms_house rdf:type skos:Concept. FILTER STRSTARTS(STR(?dcterms_house),""http://dbpedia.org/resource/Category:Public_houses"")}",rdf;skos,0,"",dcterms_house,"",Select all dcterms related POI concept
64,4,"SELECT ?dcterms_resort WHERE {?dcterms_resort rdf:type skos:Concept. FILTER STRSTARTS(STR(?dcterms_resort),""http://dbpedia.org/resource/Category:Resorts"")}",rdf;skos,0,"",dcterms_resort,"",Select all dcterms related POI concept
65,4,"SELECT ?dcterms_reataurant WHERE {?dcterms_reataurant rdf:type skos:Concept. FILTER STRSTARTS(STR(?dcterms_reataurant),""http://dbpedia.org/resource/Category:Restaurants"")}",rdf;skos,0,"",dcterms_reataurant,"",Select all dcterms related POI concept
66,4,"SELECT ?dcterms_heritage WHERE {?dcterms_heritage rdf:type skos:Concept. FILTER STRSTARTS(STR(?dcterms_heritage),""http://dbpedia.org/resource/Category:Rijksmonuments"")}",rdf;skos,0,"",dcterms_heritage,"",Select all dcterms related POI concept
67,4,"SELECT ?dcterms_river WHERE {?dcterms_river rdf:type skos:Concept. FILTER STRSTARTS(STR(?dcterms_river),""http://dbpedia.org/resource/Category:Rivers"")}",rdf;skos,0,"",dcterms_river,"",Select all dcterms related POI concept
68,4,"SELECT ?dcterms_amusement_park WHERE {?dcterms_amusement_park rdf:type skos:Concept. FILTER STRSTARTS(STR(?dcterms_amusement_park),""http://dbpedia.org/resource/Category:Roller_coasters"")}",rdf;skos,0,"",dcterms_amusement_park,"",Select all dcterms related POI concept
69,4,"SELECT ?dcterms_royal WHERE {?dcterms_royal rdf:type skos:Concept. FILTER STRSTARTS(STR(?dcterms_royal),""http://dbpedia.org/resource/Category:Royal_residences"")}",rdf;skos,0,"",dcterms_royal,"",Select all dcterms related POI concept
70,4,"SELECT ?dcterms_heritage WHERE {?dcterms_heritage rdf:type skos:Concept. FILTER STRSTARTS(STR(?dcterms_heritage),""http://dbpedia.org/resource/Category:Ruins"")}",rdf;skos,0,"",dcterms_heritage,"",Select all dcterms related POI concept
71,4,"SELECT ?dcterms_wineary WHERE {?dcterms_wineary rdf:type skos:Concept. FILTER STRSTARTS(STR(?dcterms_wineary),""http://dbpedia.org/resource/Category:Santa_Cruz_Mountains_wineries"")}",rdf;skos,0,"",dcterms_wineary,"",Select all dcterms related POI concept
72,4,"SELECT ?dcterms_shopping WHERE {?dcterms_shopping rdf:type skos:Concept. FILTER STRSTARTS(STR(?dcterms_shopping),""http://dbpedia.org/resource/Category:Shopping_centres"")}",rdf;skos,0,"",dcterms_shopping,"",Select all dcterms related POI concept
73,4,"SELECT ?dcterms_shopping WHERE {?dcterms_shopping rdf:type skos:Concept. FILTER STRSTARTS(STR(?dcterms_shopping),""http://dbpedia.org/resource/Category:Shopping_malls"")}",rdf;skos,0,"",dcterms_shopping,"",Select all dcterms related POI concept
74,4,"SELECT ?dcterms_cave WHERE {?dcterms_cave rdf:type skos:Concept. FILTER STRSTARTS(STR(?dcterms_cave),""http://dbpedia.org/resource/Category:Show_caves"")}",rdf;skos,0,"",dcterms_cave,"",Select all dcterms related POI concept
75,4,"SELECT ?dcterms_ski WHERE {?dcterms_ski rdf:type skos:Concept. FILTER STRSTARTS(STR(?dcterms_ski),""http://dbpedia.org/resource/Category:Ski_areas_and_resorts"")}",rdf;skos,0,"",dcterms_ski,"",Select all dcterms related POI concept
77,4,"SELECT ?dcterms_sport WHERE {?dcterms_sport rdf:type skos:Concept. FILTER STRSTARTS(STR(?dcterms_sport),""http://dbpedia.org/resource/Category:Sports_venues"")}",rdf;skos,0,"",dcterms_sport,"",Select all dcterms related POI concept
78,4,"SELECT ?dcterms_square WHERE {?dcterms_square rdf:type skos:Concept. FILTER STRSTARTS(STR(?dcterms_square),""http://dbpedia.org/resource/Category:Squares"")}",rdf;skos,0,"",dcterms_square,"",Select all dcterms related POI concept
79,4,"SELECT ?dcterms_theatres WHERE {?dcterms_theatres rdf:type skos:Concept. FILTER STRSTARTS(STR(?dcterms_theatres),""http://dbpedia.org/resource/Category:Theatres"")}",rdf;skos,0,"",dcterms_theatres,"",Select all dcterms related POI concept
80,4,"SELECT ?dcterms_tower WHERE {?dcterms_tower rdf:type skos:Concept. FILTER STRSTARTS(STR(?dcterms_tower),""http://dbpedia.org/resource/Category:Towers"")}",rdf;skos,0,"",dcterms_tower,"",Select all dcterms related POI concept
82,4,"SELECT ?dcterms_valley WHERE {?dcterms_valley rdf:type skos:Concept. FILTER STRSTARTS(STR(?dcterms_valley),""http://dbpedia.org/resource/Category:Valleys"")}",rdf;skos,0,"",dcterms_valley,"",Select all dcterms related POI concept
83,4,"SELECT ?dcterms_attraction WHERE {?dcterms_attraction rdf:type skos:Concept. FILTER STRSTARTS(STR(?dcterms_attraction),""http://dbpedia.org/resource/Category:Visitor_attractions"")}",rdf;skos,0,"",dcterms_attraction,"",Select all dcterms related POI concept
84,4,"SELECT ?dcterms_waterfall WHERE {?dcterms_waterfall rdf:type skos:Concept. FILTER STRSTARTS(STR(?dcterms_waterfall),""http://dbpedia.org/resource/Category:Waterfalls"")}",rdf;skos,0,"",dcterms_waterfall,"",Select all dcterms related POI concept
85,4,"SELECT ?dcterms_windmills WHERE {?dcterms_windmills rdf:type skos:Concept. FILTER STRSTARTS(STR(?dcterms_windmills),""http://dbpedia.org/resource/Category:Windmills"")}",rdf;skos,0,"",dcterms_windmills,"",Select all dcterms related POI concept
86,4,"SELECT ?dcterms_world_heritage WHERE {?dcterms_world_heritage rdf:type skos:Concept. FILTER STRSTARTS(STR(?dcterms_world_heritage),""http://dbpedia.org/resource/Category:World_Heritage_Sites"")}",rdf;skos,0,"",dcterms_world_heritage,"",Select all dcterms related POI concept
87,4,"SELECT ?dcterms_event WHERE {?dcterms_event rdf:type skos:Concept. FILTER STRSTARTS(STR(?dcterms_event),""http://dbpedia.org/resource/Category:World's_Fairs"")}",rdf;skos,0,"",dcterms_event,"",Select all dcterms related POI concept
88,4,"SELECT ?dcterms_zoo WHERE {?dcterms_zoo rdf:type skos:Concept. FILTER STRSTARTS(STR(?dcterms_zoo),""http://dbpedia.org/resource/Category:Zoos"")}",rdf;skos,0,"",dcterms_zoo,"",Select all dcterms related POI concept
89,4,SELECT ?dcterms_china_rated WHERE {?dcterms_china_rated rdf:type skos:Concept. ?dcterms_china_rated skos:broader <http://dbpedia.org/resource/Category:Tourist_Attraction_Rating_Categories_of_China>.},rdf;skos,0,"",dcterms_china_rated,"",Select all dcterms related POI concept
90,4,"SELECT ?dcterms_airport WHERE {?dcterms_airport rdf:type skos:Concept. FILTER STRSTARTS(STR(?dcterms_airport),""http://dbpedia.org/resource/Category:Airports_in"")}",rdf;skos,0,"",dcterms_airport,"",Select all dcterms related POI concept
91,4,"SELECT ?dcterms_railway_station WHERE {?dcterms_railway_station rdf:type skos:Concept. FILTER STRSTARTS(STR(?dcterms_railway_station),""http://dbpedia.org/resource/Category:Railway_stations_in"")}",rdf;skos,0,"",dcterms_railway_station,"",Select all dcterms related POI concept
92,5,SELECT  ?poi WHERE {?poi dcterms:subject ?dcterms_airport },dcterms,0,dcterms_airport,poi,belongs,"Select all attactions listed in given dcterms subject, geo location attribute and attraction class attribute should be assigned to result: ""[POI_CLASS]+in+[GEO_LOCATION]""/""[POI_CLASS]+of+[GEO_LOCATION]"""
93,5,SELECT  ?poi WHERE {?poi dcterms:subject ?dcterms_railway_station },dcterms,0,dcterms_railway_station,poi,belongs,"Select all attactions listed in given dcterms subject, geo location attribute and attraction class attribute should be assigned to result: ""[POI_CLASS]+in+[GEO_LOCATION]""/""[POI_CLASS]+of+[GEO_LOCATION]"""
94,5,SELECT  ?poi WHERE {?poi dcterms:subject ?dcterms_amusement_park },dcterms,0,dcterms_amusement_park,poi,belongs,"Select all attactions listed in given dcterms subject, geo location attribute and attraction class attribute should be assigned to result: ""[POI_CLASS]+in+[GEO_LOCATION]""/""[POI_CLASS]+of+[GEO_LOCATION]"""
95,5,SELECT  ?poi WHERE {?poi dcterms:subject ?dcterms_aquaria },dcterms,0,dcterms_aquaria,poi,belongs,"Select all attactions listed in given dcterms subject, geo location attribute and attraction class attribute should be assigned to result: ""[POI_CLASS]+in+[GEO_LOCATION]""/""[POI_CLASS]+of+[GEO_LOCATION]"""
96,5,SELECT  ?poi WHERE {?poi dcterms:subject ?dcterms_heritage },dcterms,0,dcterms_heritage,poi,belongs,"Select all attactions listed in given dcterms subject, geo location attribute and attraction class attribute should be assigned to result: ""[POI_CLASS]+in+[GEO_LOCATION]""/""[POI_CLASS]+of+[GEO_LOCATION]"""
97,5,SELECT  ?poi WHERE {?poi dcterms:subject ?dcterms_beach },dcterms,0,dcterms_beach,poi,belongs,"Select all attactions listed in given dcterms subject, geo location attribute and attraction class attribute should be assigned to result: ""[POI_CLASS]+in+[GEO_LOCATION]""/""[POI_CLASS]+of+[GEO_LOCATION]"""
98,5,SELECT  ?poi WHERE {?poi dcterms:subject ?dcterms_garden },dcterms,0,dcterms_garden,poi,belongs,"Select all attactions listed in given dcterms subject, geo location attribute and attraction class attribute should be assigned to result: ""[POI_CLASS]+in+[GEO_LOCATION]""/""[POI_CLASS]+of+[GEO_LOCATION]"""
99,5,SELECT  ?poi WHERE {?poi dcterms:subject ?dcterms_religion },dcterms,0,dcterms_religion,poi,belongs,"Select all attactions listed in given dcterms subject, geo location attribute and attraction class attribute should be assigned to result: ""[POI_CLASS]+in+[GEO_LOCATION]""/""[POI_CLASS]+of+[GEO_LOCATION]"""
100,5,SELECT  ?poi WHERE {?poi dcterms:subject ?dcterms_canyon },dcterms,0,dcterms_canyon,poi,belongs,"Select all attactions listed in given dcterms subject, geo location attribute and attraction class attribute should be assigned to result: ""[POI_CLASS]+in+[GEO_LOCATION]""/""[POI_CLASS]+of+[GEO_LOCATION]"""
101,5,SELECT  ?poi WHERE {?poi dcterms:subject ?dcterms_casino },dcterms,0,dcterms_casino,poi,belongs,"Select all attactions listed in given dcterms subject, geo location attribute and attraction class attribute should be assigned to result: ""[POI_CLASS]+in+[GEO_LOCATION]""/""[POI_CLASS]+of+[GEO_LOCATION]"""
102,5,SELECT  ?poi WHERE {?poi dcterms:subject ?dcterms_castle },dcterms,0,dcterms_castle,poi,belongs,"Select all attactions listed in given dcterms subject, geo location attribute and attraction class attribute should be assigned to result: ""[POI_CLASS]+in+[GEO_LOCATION]""/""[POI_CLASS]+of+[GEO_LOCATION]"""
103,5,SELECT  ?poi WHERE {?poi dcterms:subject ?dcterms_cave },dcterms,0,dcterms_cave,poi,belongs,"Select all attactions listed in given dcterms subject, geo location attribute and attraction class attribute should be assigned to result: ""[POI_CLASS]+in+[GEO_LOCATION]""/""[POI_CLASS]+of+[GEO_LOCATION]"""
104,5,SELECT  ?poi WHERE {?poi dcterms:subject ?dcterms_cemetery },dcterms,0,dcterms_cemetery,poi,belongs,"Select all attactions listed in given dcterms subject, geo location attribute and attraction class attribute should be assigned to result: ""[POI_CLASS]+in+[GEO_LOCATION]""/""[POI_CLASS]+of+[GEO_LOCATION]"""
105,5,SELECT  ?poi WHERE {?poi dcterms:subject ?dcterms_exhibition },dcterms,0,dcterms_exhibition,poi,belongs,"Select all attactions listed in given dcterms subject, geo location attribute and attraction class attribute should be assigned to result: ""[POI_CLASS]+in+[GEO_LOCATION]""/""[POI_CLASS]+of+[GEO_LOCATION]"""
106,5,SELECT  ?poi WHERE {?poi dcterms:subject ?dcterms_event },dcterms,0,dcterms_event,poi,belongs,"Select all attactions listed in given dcterms subject, geo location attribute and attraction class attribute should be assigned to result: ""[POI_CLASS]+in+[GEO_LOCATION]""/""[POI_CLASS]+of+[GEO_LOCATION]"""
107,5,SELECT  ?poi WHERE {?poi dcterms:subject ?dcterms_forest },dcterms,0,dcterms_forest,poi,belongs,"Select all attactions listed in given dcterms subject, geo location attribute and attraction class attribute should be assigned to result: ""[POI_CLASS]+in+[GEO_LOCATION]""/""[POI_CLASS]+of+[GEO_LOCATION]"""
108,5,SELECT  ?poi WHERE {?poi dcterms:subject ?dcterms_golf },dcterms,0,dcterms_golf,poi,belongs,"Select all attactions listed in given dcterms subject, geo location attribute and attraction class attribute should be assigned to result: ""[POI_CLASS]+in+[GEO_LOCATION]""/""[POI_CLASS]+of+[GEO_LOCATION]"""
109,5,SELECT  ?poi WHERE {?poi dcterms:subject ?dcterms_monument },dcterms,0,dcterms_monument,poi,belongs,"Select all attactions listed in given dcterms subject, geo location attribute and attraction class attribute should be assigned to result: ""[POI_CLASS]+in+[GEO_LOCATION]""/""[POI_CLASS]+of+[GEO_LOCATION]"""
110,5,SELECT  ?poi WHERE {?poi dcterms:subject ?dcterms_hiking },dcterms,0,dcterms_hiking,poi,belongs,"Select all attactions listed in given dcterms subject, geo location attribute and attraction class attribute should be assigned to result: ""[POI_CLASS]+in+[GEO_LOCATION]""/""[POI_CLASS]+of+[GEO_LOCATION]"""
111,5,SELECT  ?poi WHERE {?poi dcterms:subject ?dcterms_hotspring },dcterms,0,dcterms_hotspring,poi,belongs,"Select all attactions listed in given dcterms subject, geo location attribute and attraction class attribute should be assigned to result: ""[POI_CLASS]+in+[GEO_LOCATION]""/""[POI_CLASS]+of+[GEO_LOCATION]"""
112,5,SELECT  ?poi WHERE {?poi dcterms:subject ?dcterms_house },dcterms,0,dcterms_house,poi,belongs,"Select all attactions listed in given dcterms subject, geo location attribute and attraction class attribute should be assigned to result: ""[POI_CLASS]+in+[GEO_LOCATION]""/""[POI_CLASS]+of+[GEO_LOCATION]"""
113,5,SELECT  ?poi WHERE {?poi dcterms:subject ?dcterms_lake },dcterms,0,dcterms_lake,poi,belongs,"Select all attactions listed in given dcterms subject, geo location attribute and attraction class attribute should be assigned to result: ""[POI_CLASS]+in+[GEO_LOCATION]""/""[POI_CLASS]+of+[GEO_LOCATION]"""
114,5,SELECT  ?poi WHERE {?poi dcterms:subject ?dcterms_landmark },dcterms,0,dcterms_landmark,poi,belongs,"Select all attactions listed in given dcterms subject, geo location attribute and attraction class attribute should be assigned to result: ""[POI_CLASS]+in+[GEO_LOCATION]""/""[POI_CLASS]+of+[GEO_LOCATION]"""
115,5,SELECT  ?poi WHERE {?poi dcterms:subject ?dcterms_library },dcterms,0,dcterms_library,poi,belongs,"Select all attactions listed in given dcterms subject, geo location attribute and attraction class attribute should be assigned to result: ""[POI_CLASS]+in+[GEO_LOCATION]""/""[POI_CLASS]+of+[GEO_LOCATION]"""
116,5,SELECT  ?poi WHERE {?poi dcterms:subject ?dcterms_lighthouse },dcterms,0,dcterms_lighthouse,poi,belongs,"Select all attactions listed in given dcterms subject, geo location attribute and attraction class attribute should be assigned to result: ""[POI_CLASS]+in+[GEO_LOCATION]""/""[POI_CLASS]+of+[GEO_LOCATION]"""
117,5,SELECT  ?poi WHERE {?poi dcterms:subject ?dcterms_mountain },dcterms,0,dcterms_mountain,poi,belongs,"Select all attactions listed in given dcterms subject, geo location attribute and attraction class attribute should be assigned to result: ""[POI_CLASS]+in+[GEO_LOCATION]""/""[POI_CLASS]+of+[GEO_LOCATION]"""
118,5,SELECT  ?poi WHERE {?poi dcterms:subject ?dcterms_museum },dcterms,0,dcterms_museum,poi,belongs,"Select all attactions listed in given dcterms subject, geo location attribute and attraction class attribute should be assigned to result: ""[POI_CLASS]+in+[GEO_LOCATION]""/""[POI_CLASS]+of+[GEO_LOCATION]"""
119,5,SELECT  ?poi WHERE {?poi dcterms:subject ?dcterms_music },dcterms,0,dcterms_music,poi,belongs,"Select all attactions listed in given dcterms subject, geo location attribute and attraction class attribute should be assigned to result: ""[POI_CLASS]+in+[GEO_LOCATION]""/""[POI_CLASS]+of+[GEO_LOCATION]"""
120,5,SELECT  ?poi WHERE {?poi dcterms:subject ?dcterms_reserve },dcterms,0,dcterms_reserve,poi,belongs,"Select all attactions listed in given dcterms subject, geo location attribute and attraction class attribute should be assigned to result: ""[POI_CLASS]+in+[GEO_LOCATION]""/""[POI_CLASS]+of+[GEO_LOCATION]"""
121,5,SELECT  ?poi WHERE {?poi dcterms:subject ?dcterms_nightclub },dcterms,0,dcterms_nightclub,poi,belongs,"Select all attactions listed in given dcterms subject, geo location attribute and attraction class attribute should be assigned to result: ""[POI_CLASS]+in+[GEO_LOCATION]""/""[POI_CLASS]+of+[GEO_LOCATION]"""
122,5,SELECT  ?poi WHERE {?poi dcterms:subject ?dcterms_art },dcterms,0,dcterms_art,poi,belongs,"Select all attactions listed in given dcterms subject, geo location attribute and attraction class attribute should be assigned to result: ""[POI_CLASS]+in+[GEO_LOCATION]""/""[POI_CLASS]+of+[GEO_LOCATION]"""
123,5,SELECT  ?poi WHERE {?poi dcterms:subject ?dcterms_palace },dcterms,0,dcterms_palace,poi,belongs,"Select all attactions listed in given dcterms subject, geo location attribute and attraction class attribute should be assigned to result: ""[POI_CLASS]+in+[GEO_LOCATION]""/""[POI_CLASS]+of+[GEO_LOCATION]"""
124,5,SELECT  ?poi WHERE {?poi dcterms:subject ?dcterms_park },dcterms,0,dcterms_park,poi,belongs,"Select all attactions listed in given dcterms subject, geo location attribute and attraction class attribute should be assigned to result: ""[POI_CLASS]+in+[GEO_LOCATION]""/""[POI_CLASS]+of+[GEO_LOCATION]"""
125,5,SELECT  ?poi WHERE {?poi dcterms:subject ?dcterms_resort },dcterms,0,dcterms_resort,poi,belongs,"Select all attactions listed in given dcterms subject, geo location attribute and attraction class attribute should be assigned to result: ""[POI_CLASS]+in+[GEO_LOCATION]""/""[POI_CLASS]+of+[GEO_LOCATION]"""
126,5,SELECT  ?poi WHERE {?poi dcterms:subject ?dcterms_reataurant },dcterms,0,dcterms_reataurant,poi,belongs,"Select all attactions listed in given dcterms subject, geo location attribute and attraction class attribute should be assigned to result: ""[POI_CLASS]+in+[GEO_LOCATION]""/""[POI_CLASS]+of+[GEO_LOCATION]"""
127,5,SELECT  ?poi WHERE {?poi dcterms:subject ?dcterms_river },dcterms,0,dcterms_river,poi,belongs,"Select all attactions listed in given dcterms subject, geo location attribute and attraction class attribute should be assigned to result: ""[POI_CLASS]+in+[GEO_LOCATION]""/""[POI_CLASS]+of+[GEO_LOCATION]"""
128,5,SELECT  ?poi WHERE {?poi dcterms:subject ?dcterms_royal },dcterms,0,dcterms_royal,poi,belongs,"Select all attactions listed in given dcterms subject, geo location attribute and attraction class attribute should be assigned to result: ""[POI_CLASS]+in+[GEO_LOCATION]""/""[POI_CLASS]+of+[GEO_LOCATION]"""
129,5,SELECT  ?poi WHERE {?poi dcterms:subject ?dcterms_wineary },dcterms,0,dcterms_wineary,poi,belongs,"Select all attactions listed in given dcterms subject, geo location attribute and attraction class attribute should be assigned to result: ""[POI_CLASS]+in+[GEO_LOCATION]""/""[POI_CLASS]+of+[GEO_LOCATION]"""
130,5,SELECT  ?poi WHERE {?poi dcterms:subject ?dcterms_shopping },dcterms,0,dcterms_shopping,poi,belongs,"Select all attactions listed in given dcterms subject, geo location attribute and attraction class attribute should be assigned to result: ""[POI_CLASS]+in+[GEO_LOCATION]""/""[POI_CLASS]+of+[GEO_LOCATION]"""
131,5,SELECT  ?poi WHERE {?poi dcterms:subject ?dcterms_cave },dcterms,0,dcterms_cave,poi,belongs,"Select all attactions listed in given dcterms subject, geo location attribute and attraction class attribute should be assigned to result: ""[POI_CLASS]+in+[GEO_LOCATION]""/""[POI_CLASS]+of+[GEO_LOCATION]"""
132,5,SELECT  ?poi WHERE {?poi dcterms:subject ?dcterms_ski },dcterms,0,dcterms_ski,poi,belongs,"Select all attactions listed in given dcterms subject, geo location attribute and attraction class attribute should be assigned to result: ""[POI_CLASS]+in+[GEO_LOCATION]""/""[POI_CLASS]+of+[GEO_LOCATION]"""
133,5,SELECT  ?poi WHERE {?poi dcterms:subject ?dcterms_sport },dcterms,0,dcterms_sport,poi,belongs,"Select all attactions listed in given dcterms subject, geo location attribute and attraction class attribute should be assigned to result: ""[POI_CLASS]+in+[GEO_LOCATION]""/""[POI_CLASS]+of+[GEO_LOCATION]"""
134,5,SELECT  ?poi WHERE {?poi dcterms:subject ?dcterms_square },dcterms,0,dcterms_square,poi,belongs,"Select all attactions listed in given dcterms subject, geo location attribute and attraction class attribute should be assigned to result: ""[POI_CLASS]+in+[GEO_LOCATION]""/""[POI_CLASS]+of+[GEO_LOCATION]"""
135,5,SELECT  ?poi WHERE {?poi dcterms:subject ?dcterms_theatres },dcterms,0,dcterms_theatres,poi,belongs,"Select all attactions listed in given dcterms subject, geo location attribute and attraction class attribute should be assigned to result: ""[POI_CLASS]+in+[GEO_LOCATION]""/""[POI_CLASS]+of+[GEO_LOCATION]"""
136,5,SELECT  ?poi WHERE {?poi dcterms:subject ?dcterms_tower },dcterms,0,dcterms_tower,poi,belongs,"Select all attactions listed in given dcterms subject, geo location attribute and attraction class attribute should be assigned to result: ""[POI_CLASS]+in+[GEO_LOCATION]""/""[POI_CLASS]+of+[GEO_LOCATION]"""
137,5,SELECT  ?poi WHERE {?poi dcterms:subject ?dcterms_university },dcterms,0,dcterms_university,poi,belongs,"Select all attactions listed in given dcterms subject, geo location attribute and attraction class attribute should be assigned to result: ""[POI_CLASS]+in+[GEO_LOCATION]""/""[POI_CLASS]+of+[GEO_LOCATION]"""
138,5,SELECT  ?poi WHERE {?poi dcterms:subject ?dcterms_valley },dcterms,0,dcterms_valley,poi,belongs,"Select all attactions listed in given dcterms subject, geo location attribute and attraction class attribute should be assigned to result: ""[POI_CLASS]+in+[GEO_LOCATION]""/""[POI_CLASS]+of+[GEO_LOCATION]"""
139,5,SELECT  ?poi WHERE {?poi dcterms:subject ?dcterms_attraction },dcterms,0,dcterms_attraction,poi,belongs,"Select all attactions listed in given dcterms subject, geo location attribute and attraction class attribute should be assigned to result: ""[POI_CLASS]+in+[GEO_LOCATION]""/""[POI_CLASS]+of+[GEO_LOCATION]"""
140,5,SELECT  ?poi WHERE {?poi dcterms:subject ?dcterms_waterfall },dcterms,0,dcterms_waterfall,poi,belongs,"Select all attactions listed in given dcterms subject, geo location attribute and attraction class attribute should be assigned to result: ""[POI_CLASS]+in+[GEO_LOCATION]""/""[POI_CLASS]+of+[GEO_LOCATION]"""
141,5,SELECT  ?poi WHERE {?poi dcterms:subject ?dcterms_windmills },dcterms,0,dcterms_windmills,poi,belongs,"Select all attactions listed in given dcterms subject, geo location attribute and attraction class attribute should be assigned to result: ""[POI_CLASS]+in+[GEO_LOCATION]""/""[POI_CLASS]+of+[GEO_LOCATION]"""
142,5,SELECT  ?poi WHERE {?poi dcterms:subject ?dcterms_world_heritage },dcterms,0,dcterms_world_heritage,poi,belongs,"Select all attactions listed in given dcterms subject, geo location attribute and attraction class attribute should be assigned to result: ""[POI_CLASS]+in+[GEO_LOCATION]""/""[POI_CLASS]+of+[GEO_LOCATION]"""
143,5,SELECT  ?poi WHERE {?poi dcterms:subject ?dcterms_event },dcterms,0,dcterms_event,poi,belongs,"Select all attactions listed in given dcterms subject, geo location attribute and attraction class attribute should be assigned to result: ""[POI_CLASS]+in+[GEO_LOCATION]""/""[POI_CLASS]+of+[GEO_LOCATION]"""
144,5,SELECT  ?poi WHERE {?poi dcterms:subject ?dcterms_zoo },dcterms,0,dcterms_zoo,poi,belongs,"Select all attactions listed in given dcterms subject, geo location attribute and attraction class attribute should be assigned to result: ""[POI_CLASS]+in+[GEO_LOCATION]""/""[POI_CLASS]+of+[GEO_LOCATION]"""
145,5,SELECT  ?poi WHERE {?poi dcterms:subject ?dcterms_china_rated },dcterms,0,dcterms_china_rated,poi,belongs,"Select all attactions listed in given dcterms subject, geo location attribute and attraction class attribute should be assigned to result: ""[POI_CLASS]+in+[GEO_LOCATION]""/""[POI_CLASS]+of+[GEO_LOCATION]"""
146,6,"SELECT ?yago_geology WHERE {?parent rdfs:subClassOf <http://dbpedia.org/class/yago/Tract108673395>. ?yago_geology rdfs:subClassOf ?parent. FILTER STRSTARTS(STR(?yago_geology),""http://dbpedia.org/class/yago/CretaceousPaleontologicalSites"")}",rdfs,0,"",yago_geology,"",Select all yago class related POI concept
147,6,"SELECT ?yago_gaeltacht WHERE {?parent rdfs:subClassOf <http://dbpedia.org/class/yago/Tract108673395>. ?yago_gaeltacht rdfs:subClassOf ?parent. FILTER STRSTARTS(STR(?yago_gaeltacht),""http://dbpedia.org/class/yago/GaeltachtPlaces"")}",rdfs,0,"",yago_gaeltacht,"",Select all yago class related POI concept
148,6,"SELECT ?yago_oilfield WHERE {?parent rdfs:subClassOf <http://dbpedia.org/class/yago/Tract108673395>. ?yago_oilfield rdfs:subClassOf ?parent. FILTER STRSTARTS(STR(?yago_oilfield),""http://dbpedia.org/class/yago/OilFields"")}",rdfs,0,"",yago_oilfield,"",Select all yago class related POI concept
149,6,"SELECT ?yago_heritage WHERE {?parent rdfs:subClassOf <http://dbpedia.org/class/yago/Tract108673395>. ?yago_heritage rdfs:subClassOf ?parent. FILTER STRSTARTS(STR(?yago_heritage),""http://dbpedia.org/class/yago/NationalHistoricSites"")}",rdfs,0,"",yago_heritage,"",Select all yago class related POI concept
150,6,"SELECT ?yago_reserve WHERE {?parent rdfs:subClassOf <http://dbpedia.org/class/yago/Tract108673395>. ?yago_reserve rdfs:subClassOf ?parent. FILTER STRSTARTS(STR(?yago_reserve),""http://dbpedia.org/class/yago/NatureParks"")}",rdfs,0,"",yago_reserve,"",Select all yago class related POI concept
151,6,"SELECT ?yago_paranormal WHERE {?parent rdfs:subClassOf <http://dbpedia.org/class/yago/Tract108673395>. ?yago_paranormal rdfs:subClassOf ?parent. FILTER STRSTARTS(STR(?yago_paranormal),""http://dbpedia.org/class/yago/ParanormalPlaces"")}",rdfs,0,"",yago_paranormal,"",Select all yago class related POI concept
152,6,"SELECT ?yago_coast WHERE {?parent rdfs:subClassOf <http://dbpedia.org/class/yago/Tract108673395>. ?yago_coast rdfs:subClassOf ?parent. FILTER STRSTARTS(STR(?yago_coast),""http://dbpedia.org/class/yago/PopulatedCoastalPlaces"")}",rdfs,0,"",yago_coast,"",Select all yago class related POI concept
153,6,"SELECT ?yago_reserve WHERE {?parent rdfs:subClassOf <http://dbpedia.org/class/yago/Tract108673395>. ?yago_reserve rdfs:subClassOf ?parent. FILTER STRSTARTS(STR(?yago_reserve),""http://dbpedia.org/class/yago/CountryParks"")}",rdfs,0,"",yago_reserve,"",Select all yago class related POI concept
154,6,"SELECT ?yago_transmitter WHERE {?parent rdfs:subClassOf <http://dbpedia.org/class/yago/Tract108673395>. ?yago_transmitter rdfs:subClassOf ?parent. FILTER STRSTARTS(STR(?yago_transmitter),""http://dbpedia.org/class/yago/TransmitterSites"")}",rdfs,0,"",yago_transmitter,"",Select all yago class related POI concept
155,6,"SELECT ?yago_heritage WHERE {?parent rdfs:subClassOf <http://dbpedia.org/class/yago/Tract108673395>. ?yago_heritage rdfs:subClassOf ?parent. FILTER STRSTARTS(STR(?yago_heritage),""http://dbpedia.org/class/yago/EnglishHeritageSites"")}",rdfs,0,"",yago_heritage,"",Select all yago class related POI concept
156,6,"SELECT ?yago_heritage WHERE {?parent rdfs:subClassOf <http://dbpedia.org/class/yago/Tract108673395>. ?yago_heritage rdfs:subClassOf ?parent. FILTER STRSTARTS(STR(?yago_heritage),""http://dbpedia.org/class/yago/AncientGreekSites"")}",rdfs,0,"",yago_heritage,"",Select all yago class related POI concept
157,6,"SELECT ?yago_building WHERE {?parent rdfs:subClassOf <http://dbpedia.org/class/yago/Tract108673395>. ?yago_building rdfs:subClassOf ?parent. FILTER STRSTARTS(STR(?yago_building),""http://dbpedia.org/class/yago/GothicSites"")}",rdfs,0,"",yago_building,"",Select all yago class related POI concept
158,6,"SELECT ?yago_heritage WHERE {?parent rdfs:subClassOf <http://dbpedia.org/class/yago/Tract108673395>. ?yago_heritage rdfs:subClassOf ?parent. FILTER STRSTARTS(STR(?yago_heritage),""http://dbpedia.org/class/yago/BronzeAgeSites"")}",rdfs,0,"",yago_heritage,"",Select all yago class related POI concept
159,6,"SELECT ?yago_park WHERE {?parent rdfs:subClassOf <http://dbpedia.org/class/yago/Tract108673395>. ?yago_park rdfs:subClassOf ?parent. FILTER STRSTARTS(STR(?yago_park),""http://dbpedia.org/class/yago/ScienceParks"")}",rdfs,0,"",yago_park,"",Select all yago class related POI concept
160,6,"SELECT ?yago_park WHERE {?parent rdfs:subClassOf <http://dbpedia.org/class/yago/Tract108673395>. ?yago_park rdfs:subClassOf ?parent. FILTER STRSTARTS(STR(?yago_park),""http://dbpedia.org/class/yago/ParksAndOpenSpaces"")}",rdfs,0,"",yago_park,"",Select all yago class related POI concept
161,6,"SELECT ?yago_heritage WHERE {?parent rdfs:subClassOf <http://dbpedia.org/class/yago/Tract108673395>. ?yago_heritage rdfs:subClassOf ?parent. FILTER STRSTARTS(STR(?yago_heritage),""http://dbpedia.org/class/yago/HeritageSites"")}",rdfs,0,"",yago_heritage,"",Select all yago class related POI concept
162,6,"SELECT ?yago_geology WHERE {?parent rdfs:subClassOf <http://dbpedia.org/class/yago/Tract108673395>. ?yago_geology rdfs:subClassOf ?parent. FILTER STRSTARTS(STR(?yago_geology),""http://dbpedia.org/class/yago/PaleontologicalSites"")}",rdfs,0,"",yago_geology,"",Select all yago class related POI concept
163,6,"SELECT ?yago_heritage WHERE {?parent rdfs:subClassOf <http://dbpedia.org/class/yago/Tract108673395>. ?yago_heritage rdfs:subClassOf ?parent. FILTER STRSTARTS(STR(?yago_heritage),""http://dbpedia.org/class/yago/IronAgeSites"")}",rdfs,0,"",yago_heritage,"",Select all yago class related POI concept
164,6,"SELECT ?yago_park WHERE {?parent rdfs:subClassOf <http://dbpedia.org/class/yago/Tract108673395>. ?yago_park rdfs:subClassOf ?parent. FILTER STRSTARTS(STR(?yago_park),""http://dbpedia.org/class/yago/WaterParks"")}",rdfs,0,"",yago_park,"",Select all yago class related POI concept
165,6,"SELECT ?yago_park WHERE {?parent rdfs:subClassOf <http://dbpedia.org/class/yago/Tract108673395>. ?yago_park rdfs:subClassOf ?parent. FILTER STRSTARTS(STR(?yago_park),""http://dbpedia.org/class/yago/BusinessParks"")}",rdfs,0,"",yago_park,"",Select all yago class related POI concept
166,6,"SELECT ?yago_geology WHERE {?parent rdfs:subClassOf <http://dbpedia.org/class/yago/Tract108673395>. ?yago_geology rdfs:subClassOf ?parent. FILTER STRSTARTS(STR(?yago_geology),""http://dbpedia.org/class/yago/TriassicPaleontologicalSites"")}",rdfs,0,"",yago_geology,"",Select all yago class related POI concept
167,6,"SELECT ?yago_park WHERE {?parent rdfs:subClassOf <http://dbpedia.org/class/yago/Tract108673395>. ?yago_park rdfs:subClassOf ?parent. FILTER STRSTARTS(STR(?yago_park),""http://dbpedia.org/class/yago/ParksAndCommons"")}",rdfs,0,"",yago_park,"",Select all yago class related POI concept
168,6,"SELECT ?yago_park WHERE {?parent rdfs:subClassOf <http://dbpedia.org/class/yago/Tract108673395>. ?yago_park rdfs:subClassOf ?parent. FILTER STRSTARTS(STR(?yago_park),""http://dbpedia.org/class/yago/Parks"")}",rdfs,0,"",yago_park,"",Select all yago class related POI concept
169,6,"SELECT ?yago_heritage WHERE {?parent rdfs:subClassOf <http://dbpedia.org/class/yago/Tract108673395>. ?yago_heritage rdfs:subClassOf ?yago_heritage. FILTER STRSTARTS(STR(?category),""http://dbpedia.org/class/yago/FormerPopulatedPlaces"")}",rdfs,0,"",yago_heritage,"",Select all yago class related POI concept
170,6,"SELECT ?yago_reserve WHERE {?parent rdfs:subClassOf <http://dbpedia.org/class/yago/Tract108673395>. ?yago_reserve rdfs:subClassOf ?parent. FILTER STRSTARTS(STR(?yago_reserve),""http://dbpedia.org/class/yago/NaturalParks"")}",rdfs,0,"",yago_reserve,"",Select all yago class related POI concept
171,6,"SELECT ?yago_park WHERE {?parent rdfs:subClassOf <http://dbpedia.org/class/yago/Tract108673395>. ?yago_park rdfs:subClassOf ?parent. FILTER STRSTARTS(STR(?yago_park),""http://dbpedia.org/class/yago/Grasslands"")}",rdfs,0,"",yago_park,"",Select all yago class related POI concept
172,6,"SELECT ?yago_heritage WHERE {?parent rdfs:subClassOf <http://dbpedia.org/class/yago/Tract108673395>. ?yago_heritage rdfs:subClassOf ?parent. FILTER STRSTARTS(STR(?yago_heritage),""http://dbpedia.org/class/yago/HistoricSites"")}",rdfs,0,"",yago_heritage,"",Select all yago class related POI concept
173,6,"SELECT ?yago_park WHERE {?parent rdfs:subClassOf <http://dbpedia.org/class/yago/Tract108673395>. ?yago_park rdfs:subClassOf ?parent. FILTER STRSTARTS(STR(?yago_park),""http://dbpedia.org/class/yago/RegionalParks"")}",rdfs,0,"",yago_park,"",Select all yago class related POI concept
174,6,"SELECT ?yago_heritage WHERE {?parent rdfs:subClassOf <http://dbpedia.org/class/yago/Tract108673395>. ?yago_heritage rdfs:subClassOf ?parent. FILTER STRSTARTS(STR(?yago_heritage),""http://dbpedia.org/class/yago/StoneAgeSites"")}",rdfs,0,"",yago_heritage,"",Select all yago class related POI concept
175,6,"SELECT ?yago_heritage WHERE {?parent rdfs:subClassOf <http://dbpedia.org/class/yago/Tract108673395>. ?yago_heritage rdfs:subClassOf ?parent. FILTER STRSTARTS(STR(?yago_heritage),""http://dbpedia.org/class/yago/HistoricPlaces"")}",rdfs,0,"",yago_heritage,"",Select all yago class related POI concept
176,6,"SELECT ?yago_heritage WHERE {?parent rdfs:subClassOf <http://dbpedia.org/class/yago/Tract108673395>. ?yago_heritage rdfs:subClassOf ?parent. FILTER STRSTARTS(STR(?yago_heritage),""http://dbpedia.org/class/yago/NationalHistoricalParks"")}",rdfs,0,"",yago_heritage,"",Select all yago class related POI concept
177,6,"SELECT ?yago_heritage WHERE {?parent rdfs:subClassOf <http://dbpedia.org/class/yago/Tract108673395>. ?yago_heritage rdfs:subClassOf ?parent. FILTER STRSTARTS(STR(?yago_heritage),""http://dbpedia.org/class/yago/PrehistoricSites"")}",rdfs,0,"",yago_heritage,"",Select all yago class related POI concept
178,6,"SELECT ?yago_forest WHERE {?parent rdfs:subClassOf <http://dbpedia.org/class/yago/Tract108673395>. ?yago_forest rdfs:subClassOf ?parent. FILTER STRSTARTS(STR(?yago_forest),""http://dbpedia.org/class/yago/ForestParks"")}",rdfs,0,"",yago_forest,"",Select all yago class related POI concept
179,6,"SELECT ?yago_heritage WHERE {?parent rdfs:subClassOf <http://dbpedia.org/class/yago/Tract108673395>. ?yago_heritage rdfs:subClassOf ?parent. FILTER STRSTARTS(STR(?yago_heritage),""http://dbpedia.org/class/yago/AncientSites"")}",rdfs,0,"",yago_heritage,"",Select all yago class related POI concept
180,6,"SELECT ?yago_desert WHERE {?parent rdfs:subClassOf <http://dbpedia.org/class/yago/Tract108673395>. ?yago_desert rdfs:subClassOf ?parent. FILTER STRSTARTS(STR(?yago_desert),""http://dbpedia.org/class/yago/Deserts"")}",rdfs,0,"",yago_desert,"",Select all yago class related POI concept
181,6,"SELECT ?yago_vocano WHERE {?parent rdfs:subClassOf <http://dbpedia.org/class/yago/Tract108673395>. ?yago_vocano rdfs:subClassOf ?parent. FILTER STRSTARTS(STR(?yago_vocano),""http://dbpedia.org/class/yago/VolcanicFields"")}",rdfs,0,"",yago_vocano,"",Select all yago class related POI concept
182,6,"SELECT ?yago_oilfield WHERE {?parent rdfs:subClassOf <http://dbpedia.org/class/yago/Tract108673395>. ?yago_oilfield rdfs:subClassOf ?parent. FILTER STRSTARTS(STR(?yago_oilfield),""http://dbpedia.org/class/yago/NaturalGasFields"")}",rdfs,0,"",yago_oilfield,"",Select all yago class related POI concept
183,6,"SELECT ?yago_heritage WHERE {?parent rdfs:subClassOf <http://dbpedia.org/class/yago/Tract108673395>. ?yago_heritage rdfs:subClassOf ?parent. FILTER STRSTARTS(STR(?yago_heritage),""http://dbpedia.org/class/yago/WorldWarISites"")}",rdfs,0,"",yago_heritage,"",Select all yago class related POI concept
184,6,"SELECT ?yago_geology WHERE {?parent rdfs:subClassOf <http://dbpedia.org/class/yago/Tract108673395>. ?yago_geology rdfs:subClassOf ?parent. FILTER STRSTARTS(STR(?yago_geology),""http://dbpedia.org/class/yago/JurassicPaleontologicalSites"")}",rdfs,0,"",yago_geology,"",Select all yago class related POI concept
185,6,"SELECT ?yago_park WHERE {?parent rdfs:subClassOf <http://dbpedia.org/class/yago/Tract108673395>. ?yago_park rdfs:subClassOf ?parent. FILTER STRSTARTS(STR(?yago_park),""http://dbpedia.org/class/yago/ParksAndGardens"")}",rdfs,0,"",yago_park,"",Select all yago class related POI concept
186,6,"SELECT ?yago_heritage WHERE {?parent rdfs:subClassOf <http://dbpedia.org/class/yago/Tract108673395>. ?yago_heritage rdfs:subClassOf ?parent. FILTER STRSTARTS(STR(?yago_heritage),""http://dbpedia.org/class/yago/WorldWarIISites"")}",rdfs,0,"",yago_heritage,"",Select all yago class related POI concept
187,6,"SELECT ?yago_heritage WHERE {?parent rdfs:subClassOf <http://dbpedia.org/class/yago/Tract108673395>. ?yago_heritage rdfs:subClassOf ?parent. FILTER STRSTARTS(STR(?yago_heritage),""http://dbpedia.org/class/yago/RomanSites"")}",rdfs,0,"",yago_heritage,"",Select all yago class related POI concept
188,6,"SELECT ?yago_heritage WHERE {?parent rdfs:subClassOf <http://dbpedia.org/class/yago/Tract108673395>. ?yago_heritage rdfs:subClassOf ?parent. FILTER STRSTARTS(STR(?yago_heritage),""http://dbpedia.org/class/yago/ArchaeologicalSitesOnTheNationalRegister"")}",rdfs,0,"",yago_heritage,"",Select all yago class related POI concept
189,6,"SELECT ?yago_geology WHERE {?parent rdfs:subClassOf <http://dbpedia.org/class/yago/Tract108673395>. ?yago_geology rdfs:subClassOf ?parent. FILTER STRSTARTS(STR(?yago_geology),""http://dbpedia.org/class/yago/MiocenePaleontologicalSites"")}",rdfs,0,"",yago_geology,"",Select all yago class related POI concept
190,6,"SELECT ?yago_reserve WHERE {?parent rdfs:subClassOf <http://dbpedia.org/class/yago/Tract108673395>. ?yago_reserve rdfs:subClassOf ?parent. FILTER STRSTARTS(STR(?yago_reserve),""http://dbpedia.org/class/yago/ProvincialParks"")}",rdfs,0,"",yago_reserve,"",Select all yago class related POI concept
191,6,"SELECT ?yago_reserve WHERE {?parent rdfs:subClassOf <http://dbpedia.org/class/yago/Tract108673395>. ?yago_reserve rdfs:subClassOf ?parent. FILTER STRSTARTS(STR(?yago_reserve),""http://dbpedia.org/class/yago/MarineParks"")}",rdfs,0,"",yago_reserve,"",Select all yago class related POI concept
192,6,"SELECT ?yago_geology WHERE {?parent rdfs:subClassOf <http://dbpedia.org/class/yago/Tract108673395>. ?yago_geology rdfs:subClassOf ?parent. FILTER STRSTARTS(STR(?yago_geology),""http://dbpedia.org/class/yago/PliocenePaleontologicalSites"")}",rdfs,0,"",yago_geology,"",Select all yago class related POI concept
193,6,"SELECT ?yago_royal WHERE {?parent rdfs:subClassOf <http://dbpedia.org/class/yago/Tract108673395>. ?yago_royal rdfs:subClassOf ?parent. FILTER STRSTARTS(STR(?yago_royal),""http://dbpedia.org/class/yago/PlacesWithRoyalPatronage"")}",rdfs,0,"",yago_royal,"",Select all yago class related POI concept
194,6,"SELECT ?yago_heritage WHERE {?parent rdfs:subClassOf <http://dbpedia.org/class/yago/Tract108673395>. ?yago_heritage rdfs:subClassOf ?parent. FILTER STRSTARTS(STR(?yago_heritage),""http://dbpedia.org/class/yago/MedievalSites"")}",rdfs,0,"",yago_heritage,"",Select all yago class related POI concept
195,6,"SELECT ?yago_oases WHERE {?parent rdfs:subClassOf <http://dbpedia.org/class/yago/Tract108673395>. ?yago_oases rdfs:subClassOf ?parent. FILTER STRSTARTS(STR(?yago_oases),""http://dbpedia.org/class/yago/Oases"")}",rdfs,0,"",yago_oases,"",Select all yago class related POI concept
196,6,"SELECT ?yago_world_heritage WHERE {?parent rdfs:subClassOf <http://dbpedia.org/class/yago/Tract108673395>. ?yago_world_heritage rdfs:subClassOf ?parent. FILTER STRSTARTS(STR(?yago_world_heritage),""http://dbpedia.org/class/yago/WorldHeritageSites"")}",rdfs,0,"",yago_world_heritage,"",Select all yago class related POI concept
197,6,"SELECT ?yago_world_heritage WHERE {?parent rdfs:subClassOf <http://dbpedia.org/class/yago/Tract108673395>. ?yago_world_heritage rdfs:subClassOf ?parent. FILTER STRSTARTS(STR(?yago_world_heritage),""http://dbpedia.org/class/yago/TentativeWorldHeritageSites"")}",rdfs,0,"",yago_world_heritage,"",Select all yago class related POI concept
198,6,"SELECT ?yago_heritage WHERE {?parent rdfs:subClassOf <http://dbpedia.org/class/yago/Tract108673395>. ?yago_heritage rdfs:subClassOf ?parent. FILTER STRSTARTS(STR(?yago_heritage),""http://dbpedia.org/class/yago/ArchaeologicalSites"")}",rdfs,0,"",yago_heritage,"",Select all yago class related POI concept
199,6,"SELECT ?yago_heritage WHERE {?parent rdfs:subClassOf <http://dbpedia.org/class/yago/Tract108673395>. ?yago_heritage rdfs:subClassOf ?parent. FILTER STRSTARTS(STR(?yago_heritage),""http://dbpedia.org/class/yago/RenaissanceSites"")}",rdfs,0,"",yago_heritage,"",Select all yago class related POI concept
200,6,"SELECT ?yago_reserve WHERE {?parent rdfs:subClassOf <http://dbpedia.org/class/yago/Tract108673395>. ?yago_reserve rdfs:subClassOf ?parent. FILTER STRSTARTS(STR(?yago_reserve),""http://dbpedia.org/class/yago/MunicipalParks"")}",rdfs,0,"",yago_reserve,"",Select all yago class related POI concept
201,6,"SELECT ?yago_geology WHERE {?parent rdfs:subClassOf <http://dbpedia.org/class/yago/Tract108673395>. ?yago_geology rdfs:subClassOf ?parent. FILTER STRSTARTS(STR(?yago_geology),""http://dbpedia.org/class/yago/PermianPaleontologicalSites"")}",rdfs,0,"",yago_geology,"",Select all yago class related POI concept
202,6,"SELECT ?yago_geology WHERE {?parent rdfs:subClassOf <http://dbpedia.org/class/yago/Tract108673395>. ?yago_geology rdfs:subClassOf ?parent. FILTER STRSTARTS(STR(?yago_geology),""http://dbpedia.org/class/yago/EocenePaleontologicalSites"")}",rdfs,0,"",yago_geology,"",Select all yago class related POI concept
203,6,"SELECT ?yago_geology WHERE {?parent rdfs:subClassOf <http://dbpedia.org/class/yago/Tract108673395>. ?yago_geology rdfs:subClassOf ?parent. FILTER STRSTARTS(STR(?yago_geology),""http://dbpedia.org/class/yago/OligocenePaleontologicalSites"")}",rdfs,0,"",yago_geology,"",Select all yago class related POI concept
204,6,"SELECT ?yago_reserve WHERE {?parent rdfs:subClassOf <http://dbpedia.org/class/yago/Tract108673395>. ?yago_reserve rdfs:subClassOf ?parent. FILTER STRSTARTS(STR(?yago_reserve),""http://dbpedia.org/class/yago/ConservationParks"")}",rdfs,0,"",yago_reserve,"",Select all yago class related POI concept
205,6,"SELECT ?yago_square WHERE {?parent rdfs:subClassOf <http://dbpedia.org/class/yago/Tract108673395>. ?yago_square rdfs:subClassOf ?parent. FILTER STRSTARTS(STR(?yago_square),""http://dbpedia.org/class/yago/Squares"")}",rdfs,0,"",yago_square,"",Select all yago class related POI concept
206,6,"SELECT ?yago_heritage WHERE {?parent rdfs:subClassOf <http://dbpedia.org/class/yago/Tract108673395>. ?yago_heritage rdfs:subClassOf ?parent. FILTER STRSTARTS(STR(?yago_heritage),""http://dbpedia.org/class/yago/MayaSites"")}",rdfs,0,"",yago_heritage,"",Select all yago class related POI concept
207,6,"SELECT ?yago_wetland WHERE {?parent rdfs:subClassOf <http://dbpedia.org/class/yago/Tract108673395>. ?yago_wetland rdfs:subClassOf ?parent. FILTER STRSTARTS(STR(?yago_wetland),""http://dbpedia.org/class/yago/RamsarSites"")}",rdfs,0,"",yago_wetland,"",Select all yago class related POI concept
208,6,"SELECT ?yago_heritage WHERE {?parent rdfs:subClassOf <http://dbpedia.org/class/yago/Tract108673395>. ?yago_heritage rdfs:subClassOf ?parent. FILTER STRSTARTS(STR(?yago_heritage),""http://dbpedia.org/class/yago/NeolithicSites"")}",rdfs,0,"",yago_heritage,"",Select all yago class related POI concept
209,6,"SELECT ?yago_heritage WHERE {?parent rdfs:subClassOf <http://dbpedia.org/class/yago/Tract108673395>. ?yago_heritage rdfs:subClassOf ?parent. FILTER STRSTARTS(STR(?yago_heritage),""http://dbpedia.org/class/yago/MycenaeanArchaeologicalSites"")}",rdfs,0,"",yago_heritage,"",Select all yago class related POI concept
210,6,"SELECT ?yago_reserve WHERE {?parent rdfs:subClassOf <http://dbpedia.org/class/yago/Tract108673395>. ?yago_reserve rdfs:subClassOf ?parent. FILTER STRSTARTS(STR(?yago_reserve),""http://dbpedia.org/class/yago/StateParks"")}",rdfs,0,"",yago_reserve,"",Select all yago class related POI concept
211,7,SELECT  ?poi WHERE {?poi rdf:type ?yago_gaeltacht },rdf,0,yago_gaeltacht,poi,belongs,"Select all attactions listed in given dcterms subject, geo location attribute and attraction class attribute should be assigned to result: ""[POI_CLASS]+in+[GEO_LOCATION]""/""[POI_CLASS]+of+[GEO_LOCATION]"""
212,7,SELECT  ?poi WHERE {?poi rdf:type ?yago_oilfield },rdf,0,yago_oilfield,poi,belongs,"Select all attactions listed in given dcterms subject, geo location attribute and attraction class attribute should be assigned to result: ""[POI_CLASS]+in+[GEO_LOCATION]""/""[POI_CLASS]+of+[GEO_LOCATION]"""
213,7,SELECT  ?poi WHERE {?poi rdf:type ?yago_heritage },rdf,0,yago_heritage,poi,belongs,"Select all attactions listed in given dcterms subject, geo location attribute and attraction class attribute should be assigned to result: ""[POI_CLASS]+in+[GEO_LOCATION]""/""[POI_CLASS]+of+[GEO_LOCATION]"""
214,7,SELECT  ?poi WHERE {?poi rdf:type ?yago_reserve },rdf,0,yago_reserve,poi,belongs,"Select all attactions listed in given dcterms subject, geo location attribute and attraction class attribute should be assigned to result: ""[POI_CLASS]+in+[GEO_LOCATION]""/""[POI_CLASS]+of+[GEO_LOCATION]"""
215,7,SELECT  ?poi WHERE {?poi rdf:type ?yago_paranormal },rdf,0,yago_paranormal,poi,belongs,"Select all attactions listed in given dcterms subject, geo location attribute and attraction class attribute should be assigned to result: ""[POI_CLASS]+in+[GEO_LOCATION]""/""[POI_CLASS]+of+[GEO_LOCATION]"""
216,7,SELECT  ?poi WHERE {?poi rdf:type ?yago_coast },rdf,0,yago_coast,poi,belongs,"Select all attactions listed in given dcterms subject, geo location attribute and attraction class attribute should be assigned to result: ""[POI_CLASS]+in+[GEO_LOCATION]""/""[POI_CLASS]+of+[GEO_LOCATION]"""
217,7,SELECT  ?poi WHERE {?poi rdf:type ?yago_transmitter },rdf,0,yago_transmitter,poi,belongs,"Select all attactions listed in given dcterms subject, geo location attribute and attraction class attribute should be assigned to result: ""[POI_CLASS]+in+[GEO_LOCATION]""/""[POI_CLASS]+of+[GEO_LOCATION]"""
218,7,SELECT  ?poi WHERE {?poi rdf:type ?yago_building },rdf,0,yago_building,poi,belongs,"Select all attactions listed in given dcterms subject, geo location attribute and attraction class attribute should be assigned to result: ""[POI_CLASS]+in+[GEO_LOCATION]""/""[POI_CLASS]+of+[GEO_LOCATION]"""
219,7,SELECT  ?poi WHERE {?poi rdf:type ?yago_park },rdf,0,yago_park,poi,belongs,"Select all attactions listed in given dcterms subject, geo location attribute and attraction class attribute should be assigned to result: ""[POI_CLASS]+in+[GEO_LOCATION]""/""[POI_CLASS]+of+[GEO_LOCATION]"""
220,7,SELECT  ?poi WHERE {?poi rdf:type ?yago_geology },rdf,0,yago_geology,poi,belongs,"Select all attactions listed in given dcterms subject, geo location attribute and attraction class attribute should be assigned to result: ""[POI_CLASS]+in+[GEO_LOCATION]""/""[POI_CLASS]+of+[GEO_LOCATION]"""
221,7,SELECT  ?poi WHERE {?poi rdf:type ?yago_forest },rdf,0,yago_forest,poi,belongs,"Select all attactions listed in given dcterms subject, geo location attribute and attraction class attribute should be assigned to result: ""[POI_CLASS]+in+[GEO_LOCATION]""/""[POI_CLASS]+of+[GEO_LOCATION]"""
222,7,SELECT  ?poi WHERE {?poi rdf:type ?yago_desert },rdf,0,yago_desert,poi,belongs,"Select all attactions listed in given dcterms subject, geo location attribute and attraction class attribute should be assigned to result: ""[POI_CLASS]+in+[GEO_LOCATION]""/""[POI_CLASS]+of+[GEO_LOCATION]"""
223,7,SELECT  ?poi WHERE {?poi rdf:type ?yago_vocano },rdf,0,yago_vocano,poi,belongs,"Select all attactions listed in given dcterms subject, geo location attribute and attraction class attribute should be assigned to result: ""[POI_CLASS]+in+[GEO_LOCATION]""/""[POI_CLASS]+of+[GEO_LOCATION]"""
224,7,SELECT  ?poi WHERE {?poi rdf:type ?yago_royal },rdf,0,yago_royal,poi,belongs,"Select all attactions listed in given dcterms subject, geo location attribute and attraction class attribute should be assigned to result: ""[POI_CLASS]+in+[GEO_LOCATION]""/""[POI_CLASS]+of+[GEO_LOCATION]"""
225,7,SELECT  ?poi WHERE {?poi rdf:type ?yago_oases },rdf,0,yago_oases,poi,belongs,"Select all attactions listed in given dcterms subject, geo location attribute and attraction class attribute should be assigned to result: ""[POI_CLASS]+in+[GEO_LOCATION]""/""[POI_CLASS]+of+[GEO_LOCATION]"""
226,7,SELECT  ?poi WHERE {?poi rdf:type ?yago_world_heritage },rdf,0,yago_world_heritage,poi,belongs,"Select all attactions listed in given dcterms subject, geo location attribute and attraction class attribute should be assigned to result: ""[POI_CLASS]+in+[GEO_LOCATION]""/""[POI_CLASS]+of+[GEO_LOCATION]"""
227,7,SELECT  ?poi WHERE {?poi rdf:type ?yago_square },rdf,0,yago_square,poi,belongs,"Select all attactions listed in given dcterms subject, geo location attribute and attraction class attribute should be assigned to result: ""[POI_CLASS]+in+[GEO_LOCATION]""/""[POI_CLASS]+of+[GEO_LOCATION]"""
228,7,SELECT  ?poi WHERE {?poi rdf:type ?yago_wetland },rdf,0,yago_wetland,poi,belongs,"Select all attactions listed in given dcterms subject, geo location attribute and attraction class attribute should be assigned to result: ""[POI_CLASS]+in+[GEO_LOCATION]""/""[POI_CLASS]+of+[GEO_LOCATION]"""
229,8,SELECT * WHERE {?poi dbpedia-owl:abstract ?abstract_en. FILTER (lang(?abstract_en) = 'en') ?poi rdfs:label ?label_en. FILTER (lang(?label_en) = 'en') OPTIONAL{?poi dbpedia-owl:abstract ?abstract_zh. FILTER (lang(?abstract_zh) = 'zh')} OPTIONAL{?poi rdfs:label ?label_zh. FILTER (lang(?label_zh) = 'zh')} OPTIONAL {?poi geo:lat ?latitude. ?poi geo:long ?longtitue.} OPTIONAL {?poi dbpedia-owl:elevation ?elevation} OPTIONAL {?poi dbpedia-owl:utcOffset ?timezone} OPTIONAL {?poi foaf:homepage ?homepage.} OPTIONAL{?poi foaf:isPrimaryTopicOf ?wikipage.} },dbpedia-owl;rdfs;foaf;geo,1,poi,abstract_en;label_en;abstract_zh;label_zh;latitude;longtitue;elevation;timezone;homepage;wikipage,"",Select basic attributes of a POI
230,8,SELECT ?link WHERE{?poi dbpedia-owl:wikiPageExternalLink ?link},dbpedia-owl,1,poi,link,"",Select external links of a POI
76,4,"SELECT ?dcterms_sport WHERE {?dcterms_sport rdf:type skos:Concept. FILTER STRSTARTS(STR(?dcterms_sport),""http://dbpedia.org/resource/Category:Sport"")}",rdf;skos,0,"",dcterms_sport,"",Select all dcterms related POI concept
81,4,"SELECT ?dcterms_university WHERE {?dcterms_university rdf:type skos:Concept. FILTER STRSTARTS(STR(?dcterms_university),""http://dbpedia.org/resource/Category:Universities_and_colleges"")}",rdf;skos,0,"",dcterms_university,"",Select all dcterms related POI concept
